Social,2004,1
cyclone,2009,86
Sports,2014,2
Societe,2002,2
innondation,2017,117
Planete,2013,21
Fiscalite,2016,1
Achat/Vente,2012,2
Faits divers,2018,1
Justice,2017,1
ouragan,2009,63
ouragan,2003,45
Monde,2007,70
Monde,2001,8
Monde,2015,41
Politique,2011,1
L enquete de l Obs,2012,1
Planete,2016,16
tremblement de terre,2011,2
Les internets,2012,5
Presidentielle 2017,2016,1
Le Top 5,2012,1
Malaysia Airlines,2014,1
Sports,2011,1
Bien Bien,2015,1
Politique,2017,6
L histoire du soir,2017,3
Assurances,2016,1
typhon,2011,130
Societe,2014,65
typhon,2005,7
Societe,2008,3
Culture,2014,2
cyclone,2012,217
Justice,2014,2
ouragan,2012,328
typhon,2002,16
typhon,,121
Economie,2017,2
tremblement de terre,2005,2
Politique,2003,1
NULL,,1
cyclone,2006,17
Photo,2013,1
Economie,2006,3
inondation,2004,31
L Amerique selon Trump,2017,13
innondation,2014,102
ouragan,2006,29
 NULL,,2
Monde,2004,34
Logement Social,2015,1
Si vous avez manque le de,2012,2
typhon,2014,206
ouragan,2000,71
Social,2013,2
Economie,2014,4
Logement,2013,2
L histoire du soir,2014,1
seisme,2011,319
Societe,2005,5
Les internets,2009,1
seisme,2005,18
typhon,2008,75
Societe,2011,7
Politique,2014,1
Monde,2003,16
Justice,2015,1
typhon,2003,7
ouragan,2015,102
seisme,2014,64
Monde,2009,35
Planete,2011,35
cyclone,2015,307
innondation,2015,80
Economie,2005,2
inondation,2005,32
ouragan,2007,88
Sports,2005,1
Edito,2017,1
Nos vies intimes,2017,1
En moins de 3 minutes,2012,1
Elections 2007,2007,1
ouragan,2001,92
Les internets,2016,4
typhon,2017,117
Le 11 Septembre,2011,1
L histoire du soir,2013,2
Attentats terroristes a P,2015,2
Tsunami,2012,1
ouragan,2018,13
Societe,2006,3
Les internets,2010,3
seisme,2006,38
Tech,2017,1
typhon,2009,103
Faits divers,2013,1
Culture,2016,2
innondation,2012,68
Assurances,2014,3
Chroniques,2017,1
typhon,2000,12
Justice,2012,2
Sports,2013,4
seisme,2017,106
cyclone,2018,48
innondation,2018,23
Planete,2014,28
Brexit,2016,2
Monde,2000,8
Monde,2006,38
ouragan,2004,60
Planete,2008,6
Les internets,2013,5
Planete,2017,86
Culture,2005,2
Monde,2012,111
Infos Aix-en-Provence,2012,1
cyclone,2004,5
Sciences,2014,1
Politique,2016,2
Le sommet de Copenhague,2009,2
La revolte syrienne,2012,1
tremblement de terre,2006,4
Societe,2003,3
L histoire du soir,2016,1
Societe,2017,7
Attentat a Boston,2013,1
Reforme du code du travai,2016,1
typhon,2006,8
Societe,2009,5
seisme,2003,1
cyclone,2013,218
Faits divers,2014,2
Sante,2014,1
ouragan,2013,115
typhon,2001,36
Retrospective 2007,2007,2
seisme,2012,140
seisme,2018,9
cyclone,2007,6
Monde,2011,52
L Amerique selon Trump,2016,1
Planete,2009,17
inondation,2003,9
Monde,2005,166
innondation,2013,121
Sciences,2017,6
typhon,2015,182
Economie,2007,2
La presidentielle america,2008,1
Le reveil politique,2017,2
Monde,2017,57
Logement,2014,4
Elections americaines,2016,6
Economie,2013,2
Elections europeennes 201,2014,2
Societe,2018,3
Societe,2004,3
tremblement de terre,2009,2
Vie urbaine,2016,1
Societe,2012,4
Politique,2013,2
Photo,2017,1
ouragan,2010,173
Assurances,2012,2
Ne le dis a personne,2017,1
cyclone,2010,226
Societe,2001,2
ouragan,2016,178
seisme,2015,67
Sante,2017,1
Planete,2012,13
Economie,2004,5
Monde,2008,80
Histoire,2017,1
innondation,2016,164
innondation,2010,161
ouragan,2002,61
Medias,2015,1
En moins de 3 minutes,2013,1
cyclone,2016,246
inondation,2006,37
Si vous avez manque le de,2013,8
Presidentielle US 2012,2012,6
Medias,2012,1
tremblement de terre,2012,1
typhon,2012,139
Sports,2004,1
Culture,2007,1
Les internets,2011,2
Planete,2015,2
typhon,2018,4
Monde,2014,70
Economie,2016,3
Societe,2015,5
cyclone,,434
typhon,2004,23
Tech,2016,1
seisme,2016,161
cyclone,2011,212
ouragan,2011,157
tremblement de terre,2004,1
L Obs du soir,2015,2
ouragan,2017,628
Monde,1999,1
Social,2012,2
cyclone,2017,554
Faits divers,2012,4
innondation,2011,121
ouragan,2005,204
L Amerique selon Trump,2018,2
seisme,2004,4
tremblement de terre,2013,1
COP21,2015,7
Planete,2018,1
Les internets,2014,1
Culture,2006,1
typhon,2013,418
Coupe du monde,2014,1
Sports,2003,2
Sciences,2015,1
Monde,2013,127
cyclone,2005,47
seisme,2010,38
Economie,2015,1
L histoire du soir,2015,1
Attaque de Nice,2016,1
Societe,2016,9
Le conflit en Ukraine,2014,1
typhon,2007,15
Societe,2010,11
Le tweet presidentielle a,2012,1
Infos Paris 14e arrondiss,2012,1
Municipales 2014,2014,1
Sports,2015,1
seisme,2013,122
ouragan,2014,100
cyclone,2008,334
Monde,2010,71
Publicite,2017,1
ouragan,2008,124
Planete,2010,33
cyclone,2014,259
Monde,2002,8
Presidentielle 2017,2017,3
Le Good Morning,2012,3
Economie,2012,1
typhon,2016,78
Culture,2003,1
Les internets,2017,1
Monde,2016,50
Seisme en Haiti,2010,19
Nos vies connectees,2017,5
Sports,2012,1
Le Quotidien de 1968,2008,1
Politique,2006,1
Marche Immobilier,2012,3
seisme,2007,4
tremblement de terre,2010,2
typhon,2010,75
Societe,2013,23
Societe,2007,13
Culture,2015,4
